magic,symbol,type,time_open,time_close,price_open,price_close,stop_loss,take_profit,volume,position_pnl,position_pnl_pips,swap,swap_pips,commission,commission_pips,total_pnl,total_pnl_pips,position_id,comment
20250811,XAUUSD,1,1587106809,1587117265,1705.10,1705.30,1711.07,1671.00,1.82,-33.53,-18.42,0.00,0.00,0.00,0.00,-33.53,-18.42,2,BASE/sl 1705.10/
20250811,XAUUSD,0,1587564000,1587566172,1703.04,1696.98,1697.08,1737.10,1.82,-1014.10,-557.20,0.00,0.00,0.00,0.00,-1014.10,-557.20,4,BASE/sl 1697.08/
20250811,XAUUSD,0,1588233600,1588261291,1712.29,1706.24,1706.30,1746.54,1.79,-996.83,-556.89,0.00,0.00,0.00,0.00,-996.83,-556.89,6,BASE/sl 1706.30/
20250811,XAUUSD,0,1588593610,1588606251,1705.31,1698.81,1699.34,1739.42,1.79,-1063.78,-594.29,0.00,0.00,0.00,0.00,-1063.78,-594.29,8,BASE/sl 1699.34/
20250811,XAUUSD,1,1589886000,1589889247,1731.57,1737.65,1737.63,1696.94,1.74,-966.36,-555.38,0.00,0.00,0.00,0.00,-966.36,-555.38,10,BASE/sl 1737.63/
20250811,XAUUSD,1,1590062400,1590074482,1734.13,1740.33,1740.20,1699.45,1.73,-974.86,-563.50,0.00,0.00,0.00,0.00,-974.86,-563.50,12,BASE/sl 1740.20/
20250811,XAUUSD,0,1591707600,1591822899,1708.95,1708.92,1702.97,1743.13,1.78,-4.71,-2.65,-19.78,-11.11,0.00,0.00,-24.49,-13.76,14,BASE/sl 1708.95/
20250811,XAUUSD,1,1592226000,1592244375,1713.94,1720.03,1719.94,1679.66,1.77,-955.89,-540.05,0.00,0.00,0.00,0.00,-955.89,-540.05,16,BASE/sl 1719.94/
20250811,XAUUSD,0,1592308800,1592320746,1729.77,1723.54,1723.72,1764.37,1.76,-969.91,-551.09,0.00,0.00,0.00,0.00,-969.91,-551.09,18,BASE/sl 1723.72/
20250811,XAUUSD,1,1592395200,1592415381,1719.89,1725.91,1725.91,1685.49,1.73,-928.48,-536.69,0.00,0.00,0.00,0.00,-928.48,-536.69,20,BASE/sl 1725.91/
20250811,XAUUSD,0,1592560800,1592929265,1730.77,1765.42,1724.71,1765.39,1.70,5200.73,3059.25,-38.18,-22.46,0.00,0.00,5162.55,3036.79,22,BASE/tp 1765.39/
20250811,XAUUSD,0,1594623600,1594699217,1803.41,1796.99,1797.10,1839.48,1.74,-984.48,-565.79,-19.33,-11.11,0.00,0.00,-1003.81,-576.90,24,BASE/sl 1797.10/
20250811,XAUUSD,1,1594710000,1594740705,1797.78,1804.70,1804.07,1761.82,1.73,-1052.49,-608.38,0.00,0.00,0.00,0.00,-1052.49,-608.38,26,BASE/sl 1804.07/
20250811,XAUUSD,0,1597672800,1597726137,1953.77,1992.87,1946.93,1992.85,1.64,5393.87,3288.95,-17.41,-10.62,0.00,0.00,5376.46,3278.33,28,BASE/tp 1992.85/
20250811,XAUUSD,0,1598605200,1598936588,1941.46,1980.36,1934.66,1980.29,1.75,5686.23,3249.27,-36.99,-21.14,0.00,0.00,5649.24,3228.14,30,BASE/tp 1980.29/
20250811,XAUUSD,1,1600326000,1600332337,1939.61,1946.41,1946.40,1900.82,1.83,-1057.34,-577.78,0.00,0.00,0.00,0.00,-1057.34,-577.78,32,BASE/sl 1946.40/
20250811,XAUUSD,0,1600675200,1600686197,1953.54,1946.70,1946.70,1992.61,1.82,-1052.68,-578.40,0.00,0.00,0.00,0.00,-1052.68,-578.40,34,BASE/sl 1946.70/
20250811,XAUUSD,1,1600682400,1600705599,1950.84,1911.82,1957.67,1911.82,1.81,6004.76,3317.55,0.00,0.00,0.00,0.00,6004.76,3317.55,35,BASE/tp 1911.82/
20250811,XAUUSD,0,1603101600,1603144801,1908.99,1902.07,1902.31,1947.17,1.92,-1129.19,-588.12,0.00,0.00,0.00,0.00,-1129.19,-588.12,38,BASE/sl 1902.31/
20250811,XAUUSD,0,1603789200,1603793526,1908.89,1902.14,1902.21,1947.07,1.93,-1103.48,-571.75,0.00,0.00,0.00,0.00,-1103.48,-571.75,40,BASE/sl 1902.21/
20250811,XAUUSD,1,1603796400,1603814523,1901.24,1908.34,1907.89,1863.22,1.91,-1145.69,-599.84,0.00,0.00,0.00,0.00,-1145.69,-599.84,42,BASE/sl 1907.89/
20250811,XAUUSD,1,1603890000,1604375404,1896.46,1896.48,1903.10,1858.53,1.88,-3.23,-1.72,-44.36,-23.60,0.00,0.00,-47.59,-25.31,44,BASE/sl 1896.46/
20250811,XAUUSD,0,1604314800,1604458806,1884.52,1884.05,1877.92,1922.21,1.91,-76.82,-40.22,-41.21,-21.58,0.00,0.00,-118.03,-61.80,45,BASE/sl 1884.52/
20250811,XAUUSD,1,1606140000,1606189026,1866.29,1828.89,1872.82,1828.96,1.94,6126.28,3157.88,-7.54,-3.89,0.00,0.00,6118.74,3153.99,48,BASE/tp 1828.96/
20250811,XAUUSD,0,1608037200,1608153404,1846.49,1846.47,1840.03,1883.42,2.12,-3.49,-1.65,-21.98,-10.37,0.00,0.00,-25.47,-12.01,50,BASE/sl 1846.49/
20250811,XAUUSD,1,1608627600,1608650166,1869.91,1876.49,1876.45,1832.51,2.10,-1128.79,-537.52,0.00,0.00,0.00,0.00,-1128.79,-537.52,52,BASE/sl 1876.45/
20250811,XAUUSD,0,1608793201,1609161892,1875.61,1875.42,1869.05,1913.12,2.07,-32.22,-15.57,-21.41,-10.34,0.00,0.00,-53.63,-25.91,54,BASE/sl 1875.61/
20250811,XAUUSD,0,1618484400,1618585779,1745.63,1780.55,1739.52,1780.54,2.18,6350.79,2913.21,-22.95,-10.53,0.00,0.00,6327.84,2902.68,56,BASE/tp 1780.54/
20250811,XAUUSD,0,1620046800,1620152077,1777.74,1777.73,1771.52,1813.29,2.28,-1.90,-0.83,-23.81,-10.44,0.00,0.00,-25.71,-11.28,58,BASE/sl 1777.74/
20250811,XAUUSD,1,1620208800,1620229957,1776.14,1782.36,1782.36,1740.62,2.27,-1176.32,-518.20,0.00,0.00,0.00,0.00,-1176.32,-518.20,60,BASE/sl 1782.36/
20250811,XAUUSD,0,1620990000,1621310424,1833.31,1869.98,1826.89,1869.98,2.20,6635.41,3016.10,-45.63,-20.74,0.00,0.00,6589.78,2995.35,62,BASE/tp 1869.98/
20250811,XAUUSD,1,1622196000,1622216861,1889.60,1896.21,1896.21,1851.81,2.27,-1235.75,-544.38,0.00,0.00,0.00,0.00,-1235.75,-544.38,64,BASE/sl 1896.21/
20250811,XAUUSD,1,1622721600,1622782600,1894.30,1856.38,1900.93,1856.41,2.24,7005.77,3127.58,-8.50,-3.79,0.00,0.00,6997.27,3123.78,66,BASE/tp 1856.41/
20250811,XAUUSD,0,1624870800,1624878630,1785.80,1779.55,1779.55,1821.52,2.46,-1288.27,-523.69,0.00,0.00,0.00,0.00,-1288.27,-523.69,68,BASE/sl 1779.55/
20250811,XAUUSD,1,1624885200,1624898249,1776.06,1782.28,1782.28,1740.54,2.44,-1273.25,-521.82,0.00,0.00,0.00,0.00,-1273.25,-521.82,70,BASE/sl 1782.28/
20250811,XAUUSD,0,1625126400,1625163581,1774.71,1768.50,1768.50,1810.20,2.41,-1262.63,-523.91,0.00,0.00,0.00,0.00,-1262.63,-523.91,72,BASE/sl 1768.50/
20250811,XAUUSD,0,1627297200,1627313955,1808.01,1801.67,1801.68,1844.17,2.32,-1248.28,-538.05,0.00,0.00,0.00,0.00,-1248.28,-538.05,74,BASE/sl 1801.68/
20250811,XAUUSD,0,1627462800,1627472825,1805.70,1799.36,1799.38,1841.81,2.31,-1239.69,-536.66,0.00,0.00,0.00,0.00,-1239.69,-536.66,76,BASE/sl 1799.38/
20250811,XAUUSD,1,1627887600,1627933625,1812.08,1818.42,1818.42,1775.84,2.29,-1223.23,-534.16,0.00,0.00,0.00,0.00,-1223.23,-534.16,78,BASE/sl 1818.42/
20250811,XAUUSD,0,1629453600,1629460176,1787.62,1781.35,1781.36,1823.37,2.26,-1213.86,-537.11,0.00,0.00,0.00,0.00,-1213.86,-537.11,80,BASE/sl 1781.36/
20250811,XAUUSD,0,1629705600,1629909639,1787.74,1787.71,1781.48,1823.49,2.25,-5.75,-2.56,-48.25,-21.44,0.00,0.00,-54.00,-24.00,82,BASE/sl 1787.74/
20250811,XAUUSD,0,1630051200,1630072896,1799.95,1793.65,1793.65,1835.95,2.24,-1200.19,-535.80,0.00,0.00,0.00,0.00,-1200.19,-535.80,84,BASE/sl 1793.65/
20250811,XAUUSD,1,1631023200,1631802819,1810.50,1774.25,1816.84,1774.29,2.22,6835.32,3078.97,-95.06,-42.82,0.00,0.00,6740.26,3036.15,86,BASE/tp 1774.29/
20250811,XAUUSD,1,1632380400,1632398982,1764.21,1770.39,1770.38,1728.93,2.38,-1254.32,-527.03,0.00,0.00,0.00,0.00,-1254.32,-527.03,88,BASE/sl 1770.38/
20250811,XAUUSD,1,1633510800,1633532856,1751.12,1757.25,1757.25,1716.10,2.35,-1248.33,-531.20,0.00,0.00,0.00,0.00,-1248.33,-531.20,90,BASE/sl 1757.25/
20250811,XAUUSD,0,1634043600,1634147464,1760.12,1795.33,1753.96,1795.32,2.31,7030.80,3043.64,-25.24,-10.93,0.00,0.00,7005.56,3032.71,92,BASE/tp 1795.32/
20250811,XAUUSD,0,1634731200,1635522638,1779.12,1779.10,1772.89,1814.70,2.42,-4.16,-1.72,-288.40,-119.17,0.00,0.00,-292.56,-120.89,94,BASE/sl 1779.12/
20250811,XAUUSD,0,1635400800,1635442529,1799.64,1793.32,1793.34,1835.63,2.47,-1337.19,-541.37,0.00,0.00,0.00,0.00,-1337.19,-541.37,95,BASE/sl 1793.34/
20250811,XAUUSD,1,1635508800,1635512141,1792.71,1798.99,1798.98,1756.86,2.44,-1314.96,-538.92,0.00,0.00,0.00,0.00,-1314.96,-538.92,97,BASE/sl 1798.98/
20250811,XAUUSD,0,1635512400,1635519719,1798.30,1792.00,1792.01,1834.27,2.43,-1314.35,-540.88,0.00,0.00,0.00,0.00,-1314.35,-540.88,99,BASE/sl 1792.01/
20250811,XAUUSD,1,1635516000,1635783879,1795.58,1795.59,1801.86,1759.67,2.41,-2.08,-0.86,-9.59,-3.98,0.00,0.00,-11.67,-4.84,100,BASE/sl 1795.58/
20250811,XAUUSD,0,1635836400,1635869283,1794.11,1787.83,1787.83,1829.99,2.32,-1257.60,-542.07,0.00,0.00,0.00,0.00,-1257.60,-542.07,104,BASE/sl 1787.83/
20250811,XAUUSD,0,1637931600,1637940278,1809.70,1803.37,1803.37,1845.89,2.22,-1244.80,-560.72,0.00,0.00,0.00,0.00,-1244.80,-560.72,106,BASE/sl 1803.37/
20250811,XAUUSD,0,1639645200,1640963411,1784.89,1820.60,1778.64,1820.59,2.22,6999.36,3152.86,-370.69,-166.98,0.00,0.00,6628.67,2985.89,108,BASE/tp 1820.59/
20250811,XAUUSD,1,1640768400,1640888736,1805.99,1812.31,1812.31,1769.87,2.27,-1267.20,-558.24,-27.60,-12.16,0.00,0.00,-1294.80,-570.40,109,BASE/sl 1812.31/
20250811,XAUUSD,0,1651222800,1651271381,1906.97,1900.30,1900.30,1945.11,2.03,-1282.75,-631.90,0.00,0.00,0.00,0.00,-1282.75,-631.90,112,BASE/sl 1900.30/
20250811,XAUUSD,1,1651474800,1651578449,1888.61,1850.83,1895.22,1850.84,2.02,7261.58,3594.84,-8.84,-4.38,0.00,0.00,7252.74,3590.47,114,BASE/tp 1850.84/
20250811,XAUUSD,1,1651820400,1651838848,1876.81,1883.39,1883.38,1839.27,2.15,-1339.92,-623.22,0.00,0.00,0.00,0.00,-1339.92,-623.22,116,BASE/sl 1883.38/
20250811,XAUUSD,1,1652079600,1652223304,1874.98,1837.48,1881.54,1837.48,2.13,7583.38,3560.27,-9.28,-4.36,0.00,0.00,7574.10,3555.92,118,BASE/tp 1837.48/
20250811,XAUUSD,0,1652788800,1652807180,1828.02,1821.62,1821.62,1864.58,2.31,-1403.38,-607.52,0.00,0.00,0.00,0.00,-1403.38,-607.52,120,BASE/sl 1821.62/
20250811,XAUUSD,0,1652968800,1653410799,1828.85,1865.46,1822.45,1865.43,2.29,7818.13,3414.03,-81.55,-35.61,0.00,0.00,7736.58,3378.42,122,BASE/tp 1865.43/
20250811,XAUUSD,0,1653649200,1653665546,1858.36,1851.85,1851.86,1895.53,2.43,-1476.63,-607.67,0.00,0.00,0.00,0.00,-1476.63,-607.67,124,BASE/sl 1851.86/
20250811,XAUUSD,0,1654167600,1654282836,1851.24,1851.21,1844.76,1888.26,2.40,-6.72,-2.80,-28.14,-11.73,0.00,0.00,-34.86,-14.53,126,BASE/sl 1851.24/
20250811,XAUUSD,0,1655362800,1655384961,1832.76,1826.34,1826.35,1869.42,2.37,-1462.64,-617.15,0.00,0.00,0.00,0.00,-1462.64,-617.15,128,BASE/sl 1826.35/
20250811,XAUUSD,1,1655805600,1655830961,1834.31,1840.73,1840.73,1797.62,2.36,-1435.10,-608.09,0.00,0.00,0.00,0.00,-1435.10,-608.09,130,BASE/sl 1840.73/
20250811,XAUUSD,1,1655967600,1656002729,1832.80,1839.21,1839.21,1796.14,2.35,-1431.48,-609.14,0.00,0.00,0.00,0.00,-1431.48,-609.14,132,BASE/sl 1839.21/
20250811,XAUUSD,0,1656320400,1656344224,1835.57,1829.14,1829.15,1872.28,2.32,-1411.21,-608.28,0.00,0.00,0.00,0.00,-1411.21,-608.28,134,BASE/sl 1829.15/
20250811,XAUUSD,0,1657008000,1657018888,1811.52,1805.18,1805.18,1847.75,2.30,-1405.53,-611.10,0.00,0.00,0.00,0.00,-1405.53,-611.10,136,BASE/sl 1805.18/
20250811,XAUUSD,1,1657022400,1657046379,1801.08,1765.05,1807.38,1765.06,2.26,7945.42,3515.67,0.00,0.00,0.00,0.00,7945.42,3515.67,138,BASE/tp 1765.06/
20250811,XAUUSD,0,1659596400,1659714601,1770.85,1770.84,1764.65,1806.27,2.40,-2.36,-0.98,-29.51,-12.30,0.00,0.00,-31.87,-13.28,140,BASE/sl 1770.85/
20250811,XAUUSD,0,1660298400,1660304051,1793.35,1787.07,1787.07,1829.22,2.40,-1464.10,-610.04,0.00,0.00,0.00,0.00,-1464.10,-610.04,142,BASE/sl 1787.07/
20250811,XAUUSD,1,1660305600,1660319786,1787.36,1793.65,1793.62,1751.61,2.38,-1457.35,-612.33,0.00,0.00,0.00,0.00,-1457.35,-612.33,144,BASE/sl 1793.62/
20250811,XAUUSD,1,1660572000,1660577342,1778.34,1784.60,1784.56,1742.77,2.35,-1441.90,-613.57,0.00,0.00,0.00,0.00,-1441.90,-613.57,146,BASE/sl 1784.56/
20250811,XAUUSD,0,1661335200,1661520063,1747.30,1747.30,1741.18,1782.25,2.31,0.00,0.00,-116.78,-50.55,0.00,0.00,-116.78,-50.55,148,BASE/sl 1747.30/
20250811,XAUUSD,0,1662361200,1662480398,1712.12,1706.12,1706.13,1746.36,2.35,-1425.77,-606.71,-29.82,-12.69,0.00,0.00,-1455.59,-619.40,150,BASE/sl 1706.13/
20250811,XAUUSD,1,1663938000,1664224478,1657.20,1624.06,1663.00,1624.06,2.36,8141.91,3449.96,-11.20,-4.75,0.00,0.00,8130.71,3445.22,152,BASE/tp 1624.06/
20250811,XAUUSD,1,1666962000,1667293894,1649.70,1649.72,1655.47,1616.71,2.56,-5.16,-2.02,-23.73,-9.27,0.00,0.00,-28.89,-11.29,154,BASE/sl 1649.70/
20250811,XAUUSD,0,1667566800,1667572242,1649.57,1643.79,1643.80,1682.56,2.52,-1492.03,-592.08,0.00,0.00,0.00,0.00,-1492.03,-592.08,156,BASE/sl 1643.80/
20250811,XAUUSD,1,1668682800,1669217402,1767.10,1731.65,1773.28,1731.76,2.47,8482.83,3434.34,-44.09,-17.85,0.00,0.00,8438.74,3416.49,158,BASE/tp 1731.76/
20250811,XAUUSD,0,1669726800,1669738865,1755.36,1749.21,1749.22,1790.47,2.63,-1565.60,-595.29,0.00,0.00,0.00,0.00,-1565.60,-595.29,160,BASE/sl 1749.22/
20250811,XAUUSD,1,1671098400,1671420759,1789.01,1795.27,1795.27,1753.23,2.61,-1541.17,-590.49,-22.64,-8.67,0.00,0.00,-1563.81,-599.16,162,BASE/sl 1795.27/
20250811,XAUUSD,0,1671526800,1671738099,1793.14,1793.14,1786.86,1829.00,2.57,0.00,0.00,-122.08,-47.50,0.00,0.00,-122.08,-47.50,164,BASE/sl 1793.14/
20250811,XAUUSD,0,1672138800,1672222465,1806.63,1806.62,1800.31,1842.76,2.56,-2.41,-0.94,-60.63,-23.68,0.00,0.00,-63.04,-24.63,166,BASE/sl 1806.63/
20250811,XAUUSD,0,1672297200,1672737759,1809.07,1845.25,1802.74,1845.25,2.55,8659.89,3396.04,-60.15,-23.59,0.00,0.00,8599.74,3372.45,168,BASE/tp 1845.25/
20250811,XAUUSD,1,1682074800,1682094748,1986.78,1993.74,1993.73,1947.04,2.53,-1603.22,-633.68,0.00,0.00,0.00,0.00,-1603.22,-633.68,170,BASE/sl 1993.73/
20250811,XAUUSD,0,1682402400,1682419419,1994.80,1987.80,1987.82,2034.70,2.52,-1599.80,-634.84,0.00,0.00,0.00,0.00,-1599.80,-634.84,172,BASE/sl 1987.82/
20250811,XAUUSD,0,1684756800,1684766189,1980.82,1973.89,1973.89,2020.44,2.46,-1576.38,-640.80,0.00,0.00,0.00,0.00,-1576.38,-640.80,174,BASE/sl 1973.89/
20250811,XAUUSD,0,1686060000,1686070120,1963.54,1956.67,1956.67,2002.81,2.43,-1564.06,-643.65,0.00,0.00,0.00,0.00,-1564.06,-643.65,176,BASE/sl 1956.67/
20250811,XAUUSD,0,1686654000,1686670204,1962.38,1955.45,1955.51,2001.63,2.43,-1561.48,-642.58,0.00,0.00,0.00,0.00,-1561.48,-642.58,178,BASE/sl 1955.51/
20250811,XAUUSD,0,1687788000,1687797537,1932.01,1925.25,1925.25,1970.65,2.46,-1523.93,-619.48,0.00,0.00,0.00,0.00,-1523.93,-619.48,180,BASE/sl 1925.25/
20250811,XAUUSD,0,1687845600,1687874440,1928.83,1922.07,1922.08,1967.41,2.45,-1512.41,-617.31,0.00,0.00,0.00,0.00,-1512.41,-617.31,182,BASE/sl 1922.08/
20250811,XAUUSD,1,1689922800,1690407605,1970.24,1977.56,1977.14,1930.84,2.42,-1597.46,-660.11,-30.14,-12.45,0.00,0.00,-1627.60,-672.56,184,BASE/sl 1977.14/
20250811,XAUUSD,0,1690358400,1690473878,1963.27,1956.40,1956.40,2002.54,2.43,-1511.49,-622.01,-82.85,-34.09,0.00,0.00,-1594.34,-656.11,185,BASE/sl 1956.40/
20250811,XAUUSD,1,1690894800,1692113442,1956.87,1898.38,1963.72,1917.73,2.35,12604.45,5363.60,-138.04,-58.74,0.00,0.00,12466.41,5304.86,188,BASE/tp 1898.39/
20250811,XAUUSD,1,1691402400,1692113442,1937.13,1898.38,1943.91,1898.39,2.44,8670.33,3553.41,-81.88,-33.56,0.00,0.00,8588.45,3519.86,189,BASE/tp 1898.39/
20250811,XAUUSD,0,1692687600,1692723364,1896.11,1889.47,1889.47,1934.03,2.75,-1683.32,-612.12,0.00,0.00,0.00,0.00,-1683.32,-612.12,192,BASE/sl 1889.47/
20250811,XAUUSD,0,1694430000,1694509321,1926.54,1919.80,1919.80,1965.07,2.64,-1657.38,-627.80,-30.94,-11.72,0.00,0.00,-1688.32,-639.52,194,BASE/sl 1919.80/
20250811,XAUUSD,0,1694772000,1695308908,1918.71,1918.70,1911.99,1957.08,2.60,-2.45,-0.94,-184.23,-70.86,0.00,0.00,-186.68,-71.80,196,BASE/sl 1918.71/
20250811,XAUUSD,1,1695294000,1695832300,1927.17,1888.62,1933.92,1888.63,2.62,9590.55,3660.52,-45.40,-17.33,0.00,0.00,9545.15,3643.19,197,BASE/tp 1888.63/
20250811,XAUUSD,0,1699009200,1699293460,1988.66,1981.66,1981.70,2028.43,2.65,-1726.91,-651.66,-31.11,-11.74,0.00,0.00,-1758.02,-663.40,200,BASE/sl 1981.70/
20250811,XAUUSD,1,1699275600,1699480994,1987.27,1947.52,1994.23,1947.52,2.67,9917.07,3714.26,-22.94,-8.59,0.00,0.00,9894.13,3705.67,201,BASE/tp 1947.52/
20250811,XAUUSD,1,1703858400,1704181661,2067.83,2075.08,2075.07,2026.47,2.78,-1827.11,-657.23,-11.59,-4.17,0.00,0.00,-1838.70,-661.40,204,BASE/sl 2075.07/
20250811,XAUUSD,1,1712836800,1712841508,2327.98,2336.15,2336.13,2281.42,2.37,-1804.91,-761.57,0.00,0.00,0.00,0.00,-1804.91,-761.57,206,BASE/sl 2336.13/
20250811,XAUUSD,1,1713186000,1713189638,2349.61,2357.85,2357.83,2302.62,2.31,-1785.86,-773.10,0.00,0.00,0.00,0.00,-1785.86,-773.10,208,BASE/sl 2357.83/
20250811,XAUUSD,0,1713441600,1713461729,2380.05,2371.72,2371.72,2427.65,2.26,-1766.44,-781.61,0.00,0.00,0.00,0.00,-1766.44,-781.61,210,BASE/sl 2371.72/
20250811,XAUUSD,1,1713772800,1713847004,2369.72,2322.24,2378.01,2322.33,2.24,9978.44,4454.66,-9.67,-4.32,0.00,0.00,9968.77,4450.34,212,BASE/tp 2322.33/
20250811,XAUUSD,1,1714464000,1714600226,2326.39,2326.41,2334.53,2279.86,2.42,-4.51,-1.86,-10.44,-4.31,0.00,0.00,-14.95,-6.18,214,BASE/sl 2326.39/
20250811,XAUUSD,0,1714633200,1714644556,2319.70,2311.53,2311.58,2366.09,2.43,-1852.90,-762.51,0.00,0.00,0.00,0.00,-1852.90,-762.51,216,BASE/sl 2311.58/
20250811,XAUUSD,1,1714654800,1714750230,2301.83,2310.01,2309.89,2255.79,2.42,-1834.37,-758.00,-10.38,-4.29,0.00,0.00,-1844.75,-762.29,218,BASE/sl 2309.89/
20250811,XAUUSD,0,1714989600,1715165970,2314.37,2306.26,2306.27,2360.66,2.40,-1812.51,-755.21,-56.20,-23.42,0.00,0.00,-1868.71,-778.63,220,BASE/sl 2306.27/
20250811,XAUUSD,1,1715169600,1715174591,2307.27,2315.37,2315.35,2261.12,2.38,-1792.90,-753.32,0.00,0.00,0.00,0.00,-1792.90,-753.32,222,BASE/sl 2315.35/
20250811,XAUUSD,1,1718715600,1718724637,2311.17,2319.30,2319.26,2264.95,2.34,-1773.49,-757.90,0.00,0.00,0.00,0.00,-1773.49,-757.90,224,BASE/sl 2319.26/
20250811,XAUUSD,0,1720605600,1720721490,2372.04,2419.53,2363.74,2419.48,2.28,9952.31,4365.05,-79.58,-34.90,0.00,0.00,9872.73,4330.14,226,BASE/tp 2419.48/
20250811,XAUUSD,0,1721811600,1721854949,2416.38,2407.92,2407.92,2464.71,2.37,-1849.02,-780.18,0.00,0.00,0.00,0.00,-1849.02,-780.18,228,BASE/sl 2407.92/
20250811,XAUUSD,0,1722337200,1722464439,2390.57,2438.38,2382.20,2438.38,2.37,10463.35,4414.92,-27.61,-11.65,0.00,0.00,10435.74,4403.27,230,BASE/tp 2438.38/
20250811,XAUUSD,1,1722862800,1722871300,2424.07,2375.56,2432.55,2375.59,2.50,11058.58,4423.43,0.00,0.00,0.00,0.00,11058.58,4423.43,232,BASE/tp 2375.59/
20250811,XAUUSD,1,1723795200,1723805531,2452.62,2461.21,2461.20,2403.57,2.62,-2049.30,-782.18,0.00,0.00,0.00,0.00,-2049.30,-782.18,234,BASE/sl 2461.20/
20250811,XAUUSD,0,1723806000,1724150667,2462.23,2511.48,2453.61,2511.47,2.58,11472.83,4446.83,-58.80,-22.79,0.00,0.00,11414.03,4424.04,236,BASE/tp 2511.47/
20250811,XAUUSD,0,1724922000,1724945443,2519.04,2510.16,2510.22,2569.42,2.70,-2163.68,-801.36,0.00,0.00,0.00,0.00,-2163.68,-801.36,238,BASE/sl 2510.22/
20250811,XAUUSD,0,1725530400,1725649565,2504.60,2495.83,2495.83,2554.69,2.68,-2121.82,-791.72,-30.39,-11.34,0.00,0.00,-2152.21,-803.06,240,BASE/sl 2495.83/
20250811,XAUUSD,0,1725962400,1726177182,2505.34,2556.39,2496.57,2555.45,2.64,12184.32,4615.27,-120.79,-45.75,0.00,0.00,12063.53,4569.52,242,BASE/tp 2556.38/
20250811,XAUUSD,1,1725969600,1725983139,2502.22,2510.98,2510.98,2452.18,2.63,-2088.82,-794.23,0.00,0.00,0.00,0.00,-2088.82,-794.23,243,BASE/sl 2510.98/
20250811,XAUUSD,0,1725973200,1726177182,2506.25,2556.39,2497.48,2556.38,2.63,11921.80,4533.00,-120.34,-45.76,0.00,0.00,11801.46,4487.25,244,BASE/tp 2556.38/
20250811,XAUUSD,1,1726660800,1726670202,2569.69,2578.69,2578.68,2518.30,2.87,-2322.15,-809.11,0.00,0.00,0.00,0.00,-2322.15,-809.11,248,BASE/sl 2578.68/
20250811,XAUUSD,0,1726668000,1726692639,2576.37,2567.35,2567.35,2627.90,2.84,-2302.05,-810.58,0.00,0.00,0.00,0.00,-2302.05,-810.58,249,BASE/sl 2567.35/
20250811,XAUUSD,0,1726750800,1726760139,2592.05,2582.96,2582.98,2643.89,2.80,-2285.56,-816.27,0.00,0.00,0.00,0.00,-2285.56,-816.27,252,BASE/sl 2582.98/
20250811,XAUUSD,1,1727960400,1727969415,2644.76,2654.06,2654.02,2591.86,2.68,-2257.77,-842.45,0.00,0.00,0.00,0.00,-2257.77,-842.45,254,BASE/sl 2654.02/
20250811,XAUUSD,1,1729843200,1729876300,2726.06,2735.63,2735.60,2671.54,2.52,-2226.22,-883.42,0.00,0.00,0.00,0.00,-2226.22,-883.42,256,BASE/sl 2735.60/
20250811,XAUUSD,0,1731924000,1732016352,2582.67,2634.35,2573.63,2634.32,2.57,12594.12,4900.44,-30.55,-11.89,0.00,0.00,12563.57,4888.55,258,BASE/tp 2634.32/
20250811,XAUUSD,1,1733122800,1733144511,2628.58,2637.78,2637.78,2576.01,2.66,-2325.99,-874.43,0.00,0.00,0.00,0.00,-2325.99,-874.43,260,BASE/sl 2637.78/
20250811,XAUUSD,0,1733742000,1733887346,2649.45,2702.52,2640.18,2702.44,2.63,13252.13,5038.83,-62.86,-23.90,0.00,0.00,13189.27,5014.93,262,BASE/tp 2702.44/
20250811,XAUUSD,1,1745391600,1745410803,3338.93,3339.13,3350.62,3272.15,2.37,-41.45,-17.49,0.00,0.00,0.00,0.00,-41.45,-17.49,264,BASE/sl 3338.93/
20250811,XAUUSD,0,1746450000,1746506485,3308.69,3375.02,3297.11,3374.86,2.38,13980.78,5874.28,-26.50,-11.13,0.00,0.00,13954.28,5863.14,266,BASE/tp 3374.86/
20250811,XAUUSD,0,1747375200,1747393800,3215.49,3203.43,3204.24,3279.80,2.56,-2755.05,-1076.19,0.00,0.00,0.00,0.00,-2755.05,-1076.19,268,BASE/sl 3204.24/
20250811,XAUUSD,1,1747400400,1747616400,3209.40,3219.84,3220.63,3145.21,2.54,-2374.21,-934.73,-10.46,-4.12,0.00,0.00,-2384.67,-938.85,270,BASE/sl 3209.40/
20250811,XAUUSD,1,1748347200,1748399157,3298.58,3310.19,3310.13,3232.61,2.48,-2540.55,-1024.42,-10.07,-4.06,0.00,0.00,-2550.62,-1028.48,272,BASE/sl 3310.13/
20250811,XAUUSD,1,1748606400,1748621400,3295.54,3307.63,3307.07,3229.63,2.45,-2610.98,-1065.71,0.00,0.00,0.00,0.00,-2610.98,-1065.71,274,BASE/sl 3307.07/
20250811,XAUUSD,0,1748847600,1748883320,3309.01,3375.36,3297.43,3375.19,2.42,14057.33,5808.81,0.00,0.00,0.00,0.00,14057.33,5808.81,276,BASE/tp 3375.19/
20250811,XAUUSD,0,1749632400,1749650663,3339.86,3328.14,3328.17,3406.66,2.55,-2612.98,-1024.70,0.00,0.00,0.00,0.00,-2612.98,-1024.70,278,BASE/sl 3328.17/
20250811,XAUUSD,0,1751349600,1751557135,3316.25,3316.11,3304.64,3382.58,2.62,-31.26,-11.93,-111.88,-42.70,0.00,0.00,-143.14,-54.63,280,BASE/sl 3316.25/
20250811,XAUUSD,0,1751954400,1751977841,3334.51,3322.78,3322.84,3401.20,2.60,-2596.48,-998.65,0.00,0.00,0.00,0.00,-2596.48,-998.65,282,BASE/sl 3322.84/
20250811,XAUUSD,0,1752138000,1752607035,3321.27,3321.25,3309.65,3387.70,2.58,-4.44,-1.72,-83.45,-32.34,0.00,0.00,-87.89,-34.07,284,BASE/sl 3321.27/
20250811,XAUUSD,1,1752742800,1752840440,3339.61,3351.61,3351.30,3272.82,2.54,-2618.80,-1031.02,-10.07,-3.96,0.00,0.00,-2628.87,-1034.99,286,BASE/sl 3351.30/
20250811,XAUUSD,0,1752840000,1753201606,3347.62,3414.61,3335.90,3414.57,2.52,14437.50,5729.17,-54.44,-21.60,0.00,0.00,14383.06,5707.56,287,BASE/tp 3414.57/
20250811,XAUUSD,1,1753340400,1753721410,3383.75,3316.05,3395.59,3316.08,2.66,15487.06,5822.20,-20.83,-7.83,0.00,0.00,15466.23,5814.37,290,BASE/tp 3316.08/
20250811,XAUUSD,1,1754906400,1755088966,3365.80,3365.83,3377.58,3298.48,2.80,-7.16,-2.56,-22.12,-7.90,0.00,0.00,-29.28,-10.46,292,BASE/sl 3365.80/
20250811,XAUUSD,1,1755172800,1755173973,3346.18,3358.07,3357.89,3279.26,2.82,-2869.55,-1017.57,0.00,0.00,0.00,0.00,-2869.55,-1017.57,294,BASE/sl 3357.89/
20250811,XAUUSD,1,1755849601,1755882003,3328.36,3342.56,3340.01,3261.79,2.78,-3399.62,-1222.88,0.00,0.00,0.00,0.00,-3399.62,-1222.88,296,BASE/sl 3340.01/
